{"accuracy": [0.5988335013389587, 0.8619247674942017, 0.9160680174827576, 0.9391706585884094, 0.9564833641052246, 0.9656163454055786, 0.97099369764328, 0.9751049280166626, 0.9805676341056824, 0.9827014803886414], "loss": [1.3629229068756104, 0.4349310100078583, 0.26071611046791077, 0.18445813655853271, 0.13550902903079987, 0.10608401894569397, 0.08937598019838333, 0.07670275866985321, 0.0633246898651123, 0.05358000844717026], "val_accuracy": [0.8486227989196777, 0.910254955291748, 0.9386523962020874, 0.9438310861587524, 0.9400182366371155, 0.9562941193580627, 0.9305144548416138, 0.9610744118690491, 0.9492943286895752, 0.9662531018257141], "val_loss": [0.4751836955547333, 0.27906346321105957, 0.19391578435897827, 0.1740792691707611, 0.1994152069091797, 0.1406267285346985, 0.22926463186740875, 0.13043321669101715, 0.18050214648246765, 0.11242463439702988]}